image_link,group_id,entity_name,entity_value,text
https://m.media-amazon.com/images/I/61I9XdN6OFL.jpg,748919,item_weight,500.0 gram,"['100', '%', 'natur']"
https://m.media-amazon.com/images/I/71gSRbyXmoL.jpg,916768,item_volume,1.0 cup,"['gepragtes', 'designed', 'lizenzierte', 'und', 'geschutzte', 'design']"
https://m.media-amazon.com/images/I/61BZ4zrjZXL.jpg,459516,item_weight,0.709 gram,"['serving', 'size', ':', '1', 'tablet', '(', '0.709', 'g', ')', '|', 'serving', 'contains', '(', 'approx', '.', 'value', '):', 'ingredient', 'oty', '.', '/', 'serving', '*', 'phosphocomplex', '®', 'silybin', '(', 'sillybum', 'marianum', ')', '200', 'mg', 'dandelion', '(', 'taraxacum', 'officinale', ')', 'leaf', 'extract', '-', '10:1', '100', 'mg', 'kutki', '(', 'picrorhiza', 'kurroa)rhizome', 'extract', '-', '0.5', '%', 'bitter', '50', 'mg', 'kasani', '(', 'cichorium', 'intybus', ')', 'seed', 'extract', '-', '1', '%', 'bitter', '25', 'mg', 'punarnava', '(', 'boerhavia', 'diffusa', ')', 'root', 'extract', '-', '0.07', '%', 'alkaloid', '25', 'mg', 'bhui', 'amla', '(', 'phyllanthus', 'amarus', ')', 'wp', 'extract', '-', '0.5', '%', 'bitter', '25', 'mg', 'amla', '(', 'phyllanthus', 'emblica', ')', 'fruit', 'extract', '-', '10', '%', 'tannin', '25', 'mg', 'licorice', '(', 'glycyrrhiza', 'glabra', ')', 'root', 'extract', '-', '5', '%', 'glycyrrhizin', '25', 'mg', 'vitamin', 'e', '10', 'mg', 'piper', 'nigrum', 'fruit', 'extract', '—', '95', '%', 'piperine', '5', 'mg', 'nutrient', 'qty', '.', '/', 'serving', 'energy', '3.04', 'kcal', 'carbohydrate', '051', 'g', '(', 'sugar', ')', '02', 'g', 'protein', '0.049', 'fat', '0.09', 'g', '""', 'zrda', 'value', 'established', 'per', 'icmr', '2010', 'sedentary', 'lifestyle', '-', 'men', '.', '*', '*', 'z', 'rda', 'established', 'icmr']"
https://m.media-amazon.com/images/I/612mrlqiI4L.jpg,459516,item_weight,0.709 gram,
https://m.media-amazon.com/images/I/617Tl40LOXL.jpg,731432,item_weight,1400 milligram,"['high', 'strength', 'psyllium', 'husk']"
https://m.media-amazon.com/images/I/61QsBSE7jgL.jpg,731432,item_weight,1400 milligram,"['¢', 'naturally', '-', 'sourced', 'psyllium', '—', '_', '*', 'high', 'strength', '1400', 'mg', 'per', 'serving', 'ta', 'aes', 'ein', 'laie', 's', 'plantago', 'co', 'plant', 'seed', 'aoe', '365', 'vecaul', ')', '|', '*', 'suitable', 'vegan', '&', 'vegetarian', ',', 'horbaach']"
https://m.media-amazon.com/images/I/81xsq6vf2qL.jpg,731432,item_weight,1400 milligram,"['direction', ':', 'adult', ',', 'take', 'two', '(', '2', ')', 'vegan', 'capsule', 'daily', ',', 'preferably', 'meal', '.', 'exceed', 'stated', 'dose', '.', 'nutrition', 'information', 'typically', 'per', 'daily', 'dose', 'high', 'st', '0', 'nsti', 'erte', 'psyllium', 'husk', 'powder', '1400', 'mg', '_', 'psyllium', 'husk', 'plantago', 'ovata', 'plant', 'seed', 'ingredient', ':', 'psyllium', 'husk', 'powder', ',', 'capsule', 'shell', '(', 'hy-', 'droxypropylmethylcellulose', ')', ',', 'anti', '-', 'caking', 'agent', '(', 'mag-', 'nesium', 'salt', 'fatty', 'acid', ',', 'silicon', 'dioxide', ')', '.', 'may', 'contain', 'sesame', 'seed', '&', 'mustard', '.', 'allergen', ',', 'see', 'ingredient', 'bold', '.', 'notice', ':', 'take', 'product', '220ml', 'fluid', '.', 'taking', 'product', 'without', 'adequate', 'fluid', 'may', 'cause', 'pos-', 'sibility', 'choking', '.', 'use', 'product', 'difficulty', 'swallowing', '.', 'experience', 'chest', 'pain', ',', 'vom-', 'iting', 'difficulty', 'swallowing', 'breathing', 'taking', 'product', ',', 'seek', 'immediate', 'medical', 'attention', '.', 'take', 'sleeping', '.', 'fibre', 'product', 'affect', 'ab-', 'sorption', 'many', 'medication', '.', 'take', 'product', 'within', '1.5', 'hour', 'taking', 'medication', '.', 'free', 'from', ':', 'artificial', 'colour', ',', 'artificial', 'flavour', ',', 'artificial', 'sweetener', ',', 'preservative', '.', 'suitable', 'vegetarian', '&', 'vegan', 'hu16790', 'c', '3', '6', 'horbaach']"
https://m.media-amazon.com/images/I/71DiLRHeZdL.jpg,731432,item_weight,1400 milligram,"['©', ')', 'vegan', 'wo', 'wheat', 'free', 'soy', 'psy', 'a', ':', '&', '(', 'a', ')', '‘', 'dairy', '|', '365', '°', 'ec', 'ple', 'é', 'free', 'preservative', 'horbaach']"
https://m.media-amazon.com/images/I/91Cma3RzseL.jpg,731432,item_weight,1400 milligram,"['horbaach', '100', '%', 'highest', 'quality', 'high', 'strength', 'psyllium', 'husk', 'plantago', 'ovata', 'plant', 'seed', 'pe', 'horbaach']"
https://m.media-amazon.com/images/I/71jBLhmTNlL.jpg,731432,item_weight,1400 milligram,"['new', 'look', '.', 'nea', 'le', 'quality', '.', 'mame', 'psyllium', 'plant', 'seed', 'ih', 'y/', '\\', '4', 'food', 'supplement', 'oo', ')', 'capsule', '365', 'vegan', '~', '—', 'io', ')', 'car', 'le', '~', 'horbaach']"
https://m.media-amazon.com/images/I/81N73b5khVL.jpg,149159,item_weight,30.0 kilogram,"['grobe', 'kapazitat', ',', 'tiragfahigkeit', 'bi', 'zu', '30', 'kg', '4', 'm', 'da', 'material', 'ist', 'ca', '.', '5', 'mm', 'dick', 'und', 'die', 'fugen', 'sind', 'verstarkt', ',', 'das', 'w', 'e', 'sehr', 'stark', 'ist', '.', 'tragfahigkeit', 'bi', 'zu', '30', 'kg', ',', 'kann', 'eine', 'vielzahl', 'von', 'gegenstanden', ';', '—', '%', 'oj', 'vi', '.', 's', 'ae', '.', '.', '\\', '.', '..', 'x', '©', '|', '39', ']', 'aufnehmen', '.', '_', '—', '<', 'o']"
https://m.media-amazon.com/images/I/61oMj2iXOuL.jpg,308856,item_weight,10 kilogram to 15 kilogram,"[')', 'wildfang', '35', 'cm', '14', 'cm', '15', 'cm', '16', 'cm', '<', '10', 'kg', '10', '-', '5', 'kg', '15', '-', '25', 'kg', '2545', 'kg', '>', '45', 'kg']"
https://m.media-amazon.com/images/I/91LPf6OjV9L.jpg,281678,item_weight,3.53 ounce,"['‘', 'f', '5', '&', 'i', 'help', '*', ')', '“', 'osteoarthritis', 'help', 'mee', 'digestion', '“', 'reduces', '.', 'inflammation', '(', 'ml', 'anti', '-', 'bacterial', 'property', ',', 'help']"
https://m.media-amazon.com/images/I/81fOxWWWKYL.jpg,281678,item_weight,3.53 ounce,"['promotes', '—', '™', 'digestive', 'health', 'high', 'antioxidant', '+', 'combat', 'disease']"
https://m.media-amazon.com/images/I/81dzao1Ob4L.jpg,281678,item_weight,53 ounce,"['=', '=', 'tle', 'sr', 'wih', 'fod', 'yo', 'eh', ',', 'ne', 'body', '9', 'one', 'ond', 'puting', 'zw', 'ond', 'nol', '{', 'eos', 'th', 'ky', 'tole', 'eficedy', '.', 'ot', '‘', 'sotch', 'organ', 'balers', 'ha', 'st', 'sep', 'ober', 'packaging', 'changed', 'moca', 'ha', 'le', 'cacork', 'frman', 'end', 's24', 'pesue', 'cota', 'co', 'keep', 'homenal', 'bloc', '.', 'former', 'group', 'oll', 'pro', 'genic', 'use', 'ferigend', 'vow', 'rotrel', 'psc', 'tee', 'redkce', '.', 'san', 'medina', 'heb', ',', 'spin', 'con', 'bn', 'made', 'hol', 'fork', ',', 'ging', 'food', 'ot', 'wos', 'moon', 'sieved', 'completly', 'nota', 'www.sorichorganics.com', 'nutritional', 'fact', 'jssal', '(', 'wos', 'rotis', 'sth', 'eisai', '=', 'calorie', '80kcal', 'ea', 'eb', 'cenpem', 'tdet', 'toll', 'corbshydrote', '159', 'ae', 'totol', 'sugor', '_', '09', 'bho', 'erercacemr', 'nt', 'diet', 'fre', '8a', 'peyote', 'total', 'fot', '29', 'cun', 'poca', 'ay', 'ot', 'ondex', 'oe', '‘', 'sood', 'fo', '09', 'tu', 'end', 'ed', 'ali', 'protic', 'ea', 'ons', 'eco', 'protein', '$', 'e', 'storge', 'lrarcion', ':', 'sie', 'naa', '&', 'ry', 'oie', 'keer', 'roi', '!', 'scl', '1', 'presew', '®', 'aes', 'erone', '12', 'month', 'date', 'packaging', ',', 'cetee', 'win', '2', 'meta', 'copie', 'pdt', 'suomen', 'net', 'wt', '?', '100', 'g', '(', '2.300', 'neda', 'pork', 'sha', 'nogar', '+', '£', '300/-', 'new', 'bah', '1600', ')', 'nd', 'lea', 'eon', 'rigin', ':', 'indio', '.', '‘', 'eslasandla', 'bore', 'porta', 'tl', 'pebreeteeren', ':', 'batch', 'no', '.', 'testecre', ',', 'md', 'biesyanconass', 'seely', 'faery', 'peer', 'lewbileine', 'ier', 'sepa', ',', 'aniantiear', 'eso', 'me', ',', '_', 's20', ',', 'toon', 'oko', 'gourd', 'ued', 'o', '0', 'pce', 'egale', '‘', 'te', 'fe', 'king', 'pose', 'ingredient', ':', 'speornint', 'heol', 'to', ',', 'spearmint', 'green', 'tea', '©', 'noi', 'smonowas', '(', 'ur', 'body', 'temple', 'ond', 'puting', 'raw', 'ond', 'natural', 'food', 'isthe', 'key', 'make', 'run', 'efficiently', 'ot', 'sorich', 'organic', 'believe', 'first', 'step', '«', 'beter', 'life', 'sors', 'food', 'eat', '.', 'work', 'stable', 'network', 'former', 'ond', 'former', 'group', ',', 'procice', 'orgonic', 'ing', 'grow', 'naturel', ',', 'pestcde', '-', 'free', 'produce', '.', 'yo', 'bounty', 'straight', 'moher', 'eorih', ',', 'giving', 'food', 'o', 'wos', 'meant', 'enjoyed', '-', 'completely', 'natural', 'www', '.', 'sorichorganics.com', '.', 'idcrafted', 'forfreshness', 'farmer', 'quality', 'nosecrt', 'wewerkdeesy', '—', '_', 'alproduc', 'ore', 'imo', ',', 'wihetoman', 'ala', 'sch', 'o', '.', 'yates', 'ution', ':', 'rocked', 'focus', 'thot', 'hood', 'alher', 'nu', 'ond', '20d', ',', 'buy', 'product', 'iit', 'tampered', 'domoged', '.', '‘', 'storage', 'instruction', ':', 'store', '0', 'cool', ':', '|', 'tepokdilalupeaetomes', 'no', '”', 'manufactured', 'marketed', 'by', ':', 'sorich', 'organic', 'pvt', '.', 'lid', ',', 'plot', 'no-63', ',', 'block', '8', ',', 'sector-63', ',', 'noido', ',', 'goutom', 'buddha', 'nogar', ',', 'utor', 'pradesh', '-', '201301', 'customer', 'feedback', ':', 'conf', 'w', '491', '-', '7303330675', '‘', 'email', ':', 'core@sorichorgonics', '.', 'locabok', 'com', '/srchorgeis/', '‘', 'ginstogram.com/sorich.organics/', 'organic', 'spearmint', 'herbal', 'tea', '.', '‘', 'spearmint', 'miraculous', 'herb', 'take', '‘', 'care', 'inside', 'out', '.', 'high', 'potassium', 'level', 'ofthe', 'herb', 'keep', 'blood', 'pressure', 'conta', '.', 'oso', 'keep', 'hormonal', 'balance', '.', 'direction', 'use', '‘', 'semi', 'medicinal', 'herb', ',', 'spearmint', 'made', 'inlo', 'herbal', '.', 'fea', ',', 'also', 'ground', ',', 'used', 'spice', 'vegelable', 'caues', 'sprinkling', 'purpose', '.', 'ingredient', ':', 'organic', 'spearmint', 'pure', 'herb', ',', 'country', 'origin', ':', 'india', 'rut', 'a', '&', 'calorie', '80kcal', 'tope', '|', 's', 'total', 'carbohydrate', '(', 'anu', 'total', 'sugar', 'dietry', 'fibre', '‘', '3', 'gece', '!', 'ion', '5', 'sodium', 'protein', '—', '—', '—', 'consume', 'within', '2', 'month', 'opening', 'pocket', '.', 'net', 'weight', ':', '100', 'g', '(', '3.53', 'oz', ')', 'mrp', 're', ':', '<', 'batch', 'no', '.', ':', 'pkd', '.', ':', 'use', ':', 'onetanie', 'je', '|', 'spearmint', 'green', 'tea', 'net', 'weight', ':', '100', 'g', '(', '3.53', '07', ')', 'note', ':', 'packaging', 'may', 'vary', 'brief', 'period', 'time', '.']"
https://m.media-amazon.com/images/I/91-iahVGEDL.jpg,281678,item_weight,100 gram,"['x', 'loose', 'packaging', 'ye', 'impurity', 'added', '~%', '*', 'prewedcaly', ':', 'brand', ')', '4', 'x', 'added', 'preservative', 'vp', 'air', '-', 'tight', 'packaging', 'va', '=', 'vi', '4', 'impurity', 'free', '~', 'orcanic', 'cy', 'brew', 'aesily', '*', 'cua', ':', '|', 'green', 'tea']"
https://m.media-amazon.com/images/I/81S2+GnYpTL.jpg,731432,item_weight,200 gram,"['v', 'vv', '.', 'oro', 'tv', 'instant', 'energy']"
https://m.media-amazon.com/images/I/81e2YtCOKvL.jpg,731432,item_weight,1 kilogram,"['b', ',', '4', 'vvvvvyv', '>', '>', '>', '>', '>', '>', 'ld', 'ld', 'lee', 'see', 'instant', 'energy', 'vv', 'b', 'ah', '2']"
https://m.media-amazon.com/images/I/81RNsNEM1EL.jpg,731432,item_weight,200 gram,
https://m.media-amazon.com/images/I/91prZeizZnL.jpg,731432,item_weight,200 gram,"['wv', 'vv', '.', 'ww', 'vv', ',', '""', 'vy', '.', 'lovin', 'ow', 'vv', 'vvvvvvyw', 'vv', 'ad', 'v.', 'energy', 'ainstant', ':', '4', '.', ':', '&', ':', '.', 'n', '=', ':', ':', 'yn', 'ca']"
https://m.media-amazon.com/images/I/31EvJszFVfL.jpg,731432,item_weight,200 gram,
https://m.media-amazon.com/images/I/61wzlucTREL.jpg,252585,item_volume,4.0 gallon,"['one', 'size', 'fit', 'stretchable', 'black', 'fabric', 'block', 'form', 'fitting', 'light', 'expert', '-', 'grade', 'gel', 'non', '-', 'toxic', 'smell', 'flexible', 'comfortable', 'cold', 'hot', 'therapy', '.', '3.11n', 'ul', 'e', ""'s"", '22.2']"
https://m.media-amazon.com/images/I/61sQ+qAKr4L.jpg,299791,item_weight,2.7 gram,"['5928', '925', 'sterling', 'silver', '18k', 'gold', 'plated', 'k', '7', '0.28', 'inch', '(', '7', 'mm', ')', 'high', 'polish', 'och', '0.07', 'inch', '(', '1.8', 'mm', ')', 'wt', '16', '+', '2', 'inch', 'extend', 'chain', 'net', 'weight', ':', '2.7', 'g', '(', '405mm+50', 'mm', ')', 'manual', 'measurement', ',', 'size', 'may', 'slightly', 'different', 'physical', '.']"
https://m.media-amazon.com/images/I/81x77l2T5NL.jpg,884560,item_weight,112 gram,"['7', 'use', 'knorr', 'pe', 'pot', ':', 'either', ':', 'dissolve', '28', 'pot', '500ml', 'boili', 'ae', 'ee', 'inq', 'or', ':', 'add', 'pot', 'directly', 'dish', '.']"
https://m.media-amazon.com/images/I/71nywfWZUwL.jpg,179080,item_weight,4.1 kilogram,"['9.10m/3.58', '%', '1san', 'abv', '17', '-', 'b', '/', 'ny', 'nepa', 'er', '!', '2', 'si', 'type', 'battery', 'cell', 'fj', 'charger', 'th', 'charger', 'output', 'current', '=', 'usb', 'port', 'g', ')', 'bm', 'battery', 'weight', 'downtube', 'battery', '13ah', ':', '2500m', '-', 'a', '-', 'h', '17.5ah', ':', 'sam', '-', 'sung', '/', 'l', '-', 'g', '/', 'cell', '3500mah', 'send', 'randomly', 'vv', 'a8v', '13ah', '(', '2a', ')', 'a8v', '17.5ah', '(', '4a', ')', 'vv', '30a', 'a1', 'kg', '/', '44', 'kg']"
https://m.media-amazon.com/images/I/71nywfWZUwL.jpg,179080,voltage,48.0 volt,"['9.10m/3.58', '%', '1san', 'abv', '17', '-', 'b', '/', 'ny', 'nepa', 'er', '!', '2', 'si', 'type', 'battery', 'cell', 'fj', 'charger', 'th', 'charger', 'output', 'current', '=', 'usb', 'port', 'g', ')', 'bm', 'battery', 'weight', 'downtube', 'battery', '13ah', ':', '2500m', '-', 'a', '-', 'h', '17.5ah', ':', 'sam', '-', 'sung', '/', 'l', '-', 'g', '/', 'cell', '3500mah', 'send', 'randomly', 'vv', 'a8v', '13ah', '(', '2a', ')', 'a8v', '17.5ah', '(', '4a', ')', 'vv', '30a', 'a1', 'kg', '/', '44', 'kg']"
https://m.media-amazon.com/images/I/51WsuKKAVrL.jpg,866516,item_weight,158.0 gram,"['product', 'name', 'harvest', 'festival', 'doll', '15x9x26', 'cm', '52x42x40', 'cm', 'polyester', 'material', 'craftsmanship', 'manual', 'grey', '.', 'orange', 'product', 'wei', '158', 'g']"
https://m.media-amazon.com/images/I/61XGDKap+JL.jpg,866516,item_weight,158.0 gram,
https://m.media-amazon.com/images/I/715vVcWJxGL.jpg,459516,item_weight,5000 milligram,"['®', 'wy', '.', 'nuvida', '“', '4b', 'cranberry', 'extract', 'high', 'strength', 'extract', 'natural', 'urinary', 'tract', 'bladder', 'support', 'suitable', 'vegetarian', 'vegan', '5000', 'mg', '90', 'tablet', 'food', 'supplement']"
https://m.media-amazon.com/images/I/613v+2W4UwL.jpg,524635,item_weight,18.55 gram,"['6s1', 'g', 'feqpusma2sry7', 'aa', 'lad', 'nasd', 's', 'o', '50', 'ml', 'carvomin', 'verdauungstropfen', '18,55', 'g/20', 'ml', 'flussigkeit', 'zum', 'einnehmen', 'wirkstoff', ':', 'auszug', 'au', 'einer', 'mischung', 'von', 'angelikawurzeln', ',', 'benediktenkraut', 'und', 'pfefferminzblattern', 'kl3nge', 'pharma']"
https://m.media-amazon.com/images/I/71+fn9TWQmL.jpg,524635,item_weight,18.55 gram,"['ery', 'spn', 'ae', 'ee', 'lee', 'gia', 'pierce', 'om', 'yor', '!', 'carvomin', 'bi', 'ef', 'verdauungstropfen', 'if', '!', 'f', '18,55', 'g/20', 'ml', 'ni', 'flussigkeit', 'zum', 'einnehmen', 'i', '!', '‘', 'iy', 'ie', '50', 'ml', 'wirkstoff', ':', '<', '=', ':', '»', 'benediktents', 'pflanzliches', '*', '°', '6', 'peal', '!', 'verdauungstropfen', 'kit', 'ena', '”', 'schung', 'vor', '18,55', 'g/20', 'ml', 'jermingblit', '”', 'enthalt', '98', 'mittel', 'fir', 'kine', 'lager', '.', 'd', '*', '""', 'usschlesic', ':', 'flussigkeit', 'zum', '€', 'innehmen', 'wirkstoff', ':', 'auszug', 'au', 'einer', 'mischung', 'von', 'angelikawurzeln', ',', 'benediktenkraut', 'und', '(', '»', 'pfefferminzblattern', '(', 'e', 'ee', 'k', 'len', 'gj', 'e', 'zur', 'anwendung', 'bei', 'erwachsenen', 'pharma']"
https://m.media-amazon.com/images/I/71aKgRRQ2wL.jpg,524635,item_weight,18.55 gram,"['aa', 'es', '—', '—', '—', 'wae', 's', 'ss', 'eis', 't', 'este', 'ss', 'sense', '~~', 'o', '50', 'ml', 'carvomin', 'verdauungstropfen', '18,55', 'g/20', 'ml', 'flussigkeit', 'zum', 'einnehmen', 'verdauungstropfen', '{', 'oit', 'enthat', '?', '°', '18,55', 'g/20', 'ml', 'mischung', 'vo', '""', '#', '8', 'wirkstoff', ':', '3,99', 'fermngbatt', 'auszug', 'au', 'einer', 'mischung', 'peacecelt', 'zum', 'ental', '38', '«', 'von', 'angelikawurzeln', ',', 'innehmen', 'mittel', 'fr', 'kitt', 'benediktenkraut', 'und', 'lagen', '0', ':', 'pfefferminzblattern', '(', '2', 'klenge', '\\@e', 'pharma', 'zur', 'anwendung', 'bei', 'erwachsenen', '50', 'ml', 'witkstoff', ':', '»', 'benediktenka', '’', 'ca', 'fvomin', 'piflanictes', '*', ':', 'verdauungs', ""'s"", '*', 'klinge', 'pharr']"
https://m.media-amazon.com/images/I/71rKXZJrh4L.jpg,524635,item_weight,18.55 gram,"['50', 'ml', 'carvomin', 'verdauungstropfen', '18,55', 'g/20', 'ml', 'flussigkeit', 'zum', 'einnehmen', 'wirkstoff', ':', 'auszug', 'au', 'einer', 'mischung', 'von', 'angelikawurzein', ',', 'benediktenkraut', 'und', 'pfefferminzblattern', 'kl3nge', 'pharma']"
https://m.media-amazon.com/images/I/71D824lbRvL.jpg,524635,item_weight,18.55 gram,"['wan', 'sess', 'set', 't', 's', 'ss', 'ss', 'w', 'ss', 'yo', 'o', '""', ')', 'uy', '*', '50', 'mi', 'c', 'sy', '“', 'th', 'rvo', 'n', ':', 'verdauungstropfen', 'tm', ',', 'ty', ""-:'18,55"", 'g/20', 'mi', 'ty', '‘', 'hy', 'fliissigkeit', 'zum', 'einnehmen', 'ap', 'wy', 'fj', 'oo', ',', 'hy', 'sn', 'nn', 'telat', 'ny', 'hy', 'ty', '‘', '\\', '‘', 'mt', 'sa', 'testi', '.', '”', 't', ',', 'wirkstoff', ':', 'ug', ',', 'auszug', 'au', 'einer', 'mischung', 'ty', '\\', 'von', 'angelikawurzeln', ',', '|', 'benediktenkraut', 'und', 'pfefferminzblattern', 'h', 'wl', 'klinge', 'pharma']"
https://m.media-amazon.com/images/I/71004c9tzfL.jpg,730429,item_weight,50.0 gram,"['a¢', '.', '‘', '.', 'usbycharging', 'port']"
https://m.media-amazon.com/images/I/51bQPPtMqYL.jpg,881883,item_weight,26.0 gram,"['use', 'place', 'curtain', 'counterweight', 'magnet', '4cm/1.6', 'in', '|', 'weicht-2eoam', '26', 'g', '@', 'ra', 'h', ',', 'load', '-', 'bearing', 'metal', 'block']"
https://m.media-amazon.com/images/I/61o2ntPNNgL.jpg,179080,wattage,800.0 watt,"['7', 'freewheel', '800w', '36v', 'gabel', 'mindestbreite', '135', 'mm', '’', 'hinterrad', 'mit', 'brushless', 'motor']"
https://m.media-amazon.com/images/I/61o2ntPNNgL.jpg,179080,voltage,36.0 volt,"['7', 'freewheel', '800w', '36v', 'gabel', 'mindestbreite', '135', 'mm', '’', 'hinterrad', 'mit', 'brushless', 'motor']"
https://m.media-amazon.com/images/I/71IUuTJ8QwL.jpg,601746,item_weight,330.0 pound,"['superior', 'quality', 'put', 'durability', ',', 'safety', ',', 'environmental', 'protection', 'first', '.', 'honeycomb', 'surface', 'offer', 'solid', 'performance', 'ensures', 'yoga', 'ball', 'wo', 'n’t', 'burst', 'suddenly', '.', 'explosion', '-', 'proof', 'design', 'provides', 'best', 'protection', 'prevents', 'injury', '.', 'environmentally', 'friendly', 'material', 'use', 'confidence', 'knowing', 'it', '’s', 'made', 'environmentally', 'friendly', 'material', '.', 'sticking', 'rest', 'assured', 'surface', 'stick', 'skin', ',', 'clothing', ',', 'floor', ',', 'much', 'more', '.', '330lbs', 'load', 'bearing', 'never', 'worry', 'load', '-', 'bearing', 'capacity', 'yoga', 'ball', 'support', '330lbs', '.', ']', 'ate']"
https://m.media-amazon.com/images/I/915JHkwtcrL.jpg,487566,item_weight,31.0 ounce,"['particularly', 'smooth']"
https://m.media-amazon.com/images/I/71cjrYndwIL.jpg,794161,item_weight,0.35 ounce,"['z', 'skinfood', 'salmon', 'dark', 'circle', 'concealer', '¥', '/', 'concentrated', 'creamy', 'concealer', 'y', '’', 'contains', 'salmon', 'ingredient', 'effectively', 'help', 'conceal', 'dark', 'eye', 'circle', 'brighten', 'eye', '.', '!', 'use', ':', 'applying', 'foundation', ',', 'dispense', 'f', 'adequate', 'amount', 'gently', 'tap', 'onto', 'dark', 'circle', 'around', '|', 'eye', 'area', 'cn', ')', 'dist', '.', 'skinfood', 'usa', ',', 'inc', '.', '1', 'technology', 'drive', ',', 'bldg', '.', 'b', ',', 'suite', 'b113', 'irvine', ',', 'california', ',', '92618', 'www.theskinfood.com', '40', 'g', '/', 'net', 'wt', '.', '0.35', 'oz', 'made', 'korea', ':', 'open']"
https://m.media-amazon.com/images/I/81hnk2WXO3L.jpg,639090,item_weight,35.0 gram,"['hot', 'chocolate', 'zi', 'made', 'belgian', 'chocolate', 'includes', 'mini', 'marshmallow', '®', '@', '©', '©', 'milk', 'raspanmint', 'double', 'salted', 'chocolate', 'chocolate', 'caramel', 'original', 'ingredient', ':', 'sugar', ',', 'cocoa', 'butter', ',', 'whole', 'milk', 'marshmallow', '(', 'sugar', ',', 'glucose', 'syrup', ',', 'gelatin', ',', 'sorbitol', ',', 'modified', 'corn', 'starch', ',', 'dextrose', ',', 'artficial', 'flavor', ',', 'tetrasodium', 'pyrophosphate', ')', ',', 'cocoa', 'mass', ',', 'emulsifier', '(', 'soy', 'lecithin', ',', 'pgpr', ')', ',', 'vanilla', 'extract', '.', 'contains', ':', 'milk', ',', 'soy', '.', 'vanilla', 'extract', ',', 'peppermint', 'flavor', ',', 'contains', ':', 'milk', ',', 'soy', ',', 'double', 'chocolate', 'ingredient', ':', 'sugar', ',', 'aa', 'eee', 'distributed', 'frankford', 'candy', 'llc', 'lu', 'ro', 'pa', '19114', 'molded', 'packed', 'china', 'asad', 'maden', 'china', '‘', '(', 'freniderd', ')']"
https://m.media-amazon.com/images/I/61HXgujoxpL.jpg,752266,wattage,150.0 watt,
https://m.media-amazon.com/images/I/613G8GOyLSL.jpg,752266,wattage,150.0 watt,"['220mm/8.66', 'in', '<', '-----', '>', '32mm/1.25', 'in', '€', '--------------------------------', '>', '305mm/12.00', 'in', 'ceiling', 'wall', 'ground']"
https://m.media-amazon.com/images/I/71YyZ2iPyZL.jpg,752266,wattage,30.0 watt,"['durable', '&', 'flexible', 'led', 'floodlight', 'thickened', 'glass', 'high', '-', 'quality', 'led', 'z|', 'die', '-', 'cast', 'alumium', 'frame', '30w', 'ip65', '—', '\\', '\\', 'mental', '$', 'bracket']"
https://m.media-amazon.com/images/I/81K3JwUCnQL.jpg,752266,wattage,30.0 watt,"['©', '9909', 'dustproof', 'heat', '-', 'resisting', '_', 'frost', '-', 'resistant']"
https://m.media-amazon.com/images/I/41wvffSxB4L.jpg,299791,item_weight,15.5 gram,
https://m.media-amazon.com/images/I/91cErO-KbLL.jpg,237000,item_weight,200.0 gram,"['jacquard', 'knitted', 'material', 'super', 'soft', 'comfortable', 'creating', 'custom', 'upholstered', 'look', '200gsm', 'microfiber']"
https://m.media-amazon.com/images/I/817vo3DcCNL.jpg,179080,wattage,250.0 watt,"['komfo', 'rt', '-', 'paket', '-', 'cm', ',', 'da', 'herzstuck', ':', 'wl', 'starker', 'und', 'effizienter', 'motor', 'fur', 'angenehmen', 'fahrkomfort', 'kraftvolle', 'und', 'effiziente', 'extrem', 'leiser', 'und', 'unglaubliches', 'drehmoment', 'unterstutzung', 'bi', 'leistungsstarker', 'motor', 'mit', 'von', '25', 'km', '/', 'h', '250', 'w', '45', 'nm']"
https://m.media-amazon.com/images/I/61AHQ35poHL.jpg,884560,item_volume,10.0 ounce,"['(', 'g1', 'g', 'nie', '1', ')', 'old', 'close', 'friend', 'ever', '!']"
https://m.media-amazon.com/images/I/61WFh8RCQYL.jpg,844474,item_weight,0.8 kilogram,"['high', 'quality', 'polyester', 'fabric', 'breathable', '&', 'easy', 'clean', 'weight', ':', '0.8', 'kg', 'ji', '|', '45', 'cm', '26', 'cm', '7', '28', 'cm']"
https://m.media-amazon.com/images/I/711SATIDrmL.jpg,709627,item_weight,169.0 gram,"['basic', 'information', 'battery', 'capacity', '1300mah', 'dischardaaaanre', '100c', 'battery', 'voltage', '14.8', 'cell', 'configuration', '|', 'connector', 'type', '>', 'xt60', 'plug', 'balancer', 'connector', 'type', 'jst', '-xhr', '=', 'weight', ':', '169', 'g', '1.38', 'inch', '_', '_', 'rohs', 'ce', 'fe', ',', 'lipo', '4', '14.8y', '19.24wh', '1.26', 'inch', '2.83', 'inch']"
https://m.media-amazon.com/images/I/61x6RSjwQIL.jpg,299791,item_weight,10.0 gram,"['unique', 'desmgn', ',', 'k', '—', '0.66inch—>|', 'weight', ':', '10', 'g', '20""+', '2', '”', 'extension', 'moderate', 'thickness', ',', 'rotatable', 'screw', ',', 'chain', 'length', 'suitable', 'ash', 'tightly', 'fixed']"
https://m.media-amazon.com/images/I/613BeFNwHcL.jpg,523149,item_weight,7.0 gram,
https://m.media-amazon.com/images/I/61hWZdkq6WL.jpg,630390,item_weight,750.0 gram,"['whey', 'protein', '9c', 'integratore', 'alimentare', 'di', 'proteine', 'luten', 'del', 'siero', 'del', 'latte', 'isolate', 'e', 'vitamine', '.', 'con', 'edulcoranti', '.', 'ultrasolubile', '.', 'food', 'supplement', 'microultrafiltered', 'shemot', '(', 'cfm', ')', 'whey', 'protein', 'isolate', 'vitamin', '.', 'sweetener', '.', 'ultrasoluble', '.', '750', 'g', '30', 'dosi', '/', 'serving', 'crema', 'nocciola']"
https://m.media-amazon.com/images/I/71E7CU55dcL.jpg,810266,item_weight,160.0 gram,"['specification', ':', 'material', ':', '-', 'borosilicate', 'glass', 'color', ':', '¢', '3-', 'natural', ',', 'pink', ',', 'gold', 'weight', ':', '*', '160', 'g', 'volume', ':', '¢', '180', 'ml', 'shape', ':', '¢', 'shiba', 'inu', '9,5', 'cm']"
https://m.media-amazon.com/images/I/61c+hSNnnZL.jpg,748919,item_weight,270.0 gram,"['|', 'zitr@mac', 'pina', 'deshidratada', 'wee', 'peso', 'neto', ':', '270', 'gr', ',']"
https://m.media-amazon.com/images/I/915w0BdW-gL.jpg,993359,item_weight,500 gram,"['net', 'we', ',', '5009', '|iiihimil', '2929', '°', '001101']"
https://m.media-amazon.com/images/I/61sx0ezNNLL.jpg,731432,item_weight,1 kilogram,"['+', 'lin', '=', 'f', 'nutriarcg', 'muscle', 'mass', 'gainer', '%', 'chocolate', 'milkshake', 'rie', 'zero', 'newt', 'added', 'sugar']"
https://m.media-amazon.com/images/I/71ldprwbKrL.jpg,731432,item_weight,10 kilogram,"['premium', 'quality', 'ingridients', 'high', 'quality', 'protein', 'blend', 'added', 'creatine', 'monohydrate', 'mass', 'gminer', ',', '&', 'bcaa', '&', '«', 'oy', 'j', 'glutamine', '|00', '%', ':', '1', '\\', ':', '>', 'vitamin', '&', 'f', 'mineral']"
https://m.media-amazon.com/images/I/71E9iF-bmKL.jpg,731432,item_weight,1 kilogram,"['designed', 'extreme', '.', 'gain', '‘', 'f.', ',', 'support', 'weight', '&', '{', '_', 'muscle', 'building', 'muscle', 'size', '&', 'strength', 'muscle', 'é', 'st', 'rapid', 'muscle', 'mass', 'coney', 'recovery', 'og', '{', '}', 'fe', 'ox', 'reduce', 'muscle', '“', 'ie', 'breakdown', '|']"
https://m.media-amazon.com/images/I/71sWRp1SNwL.jpg,731432,item_weight,2.2 pound,"['ummm', 'contains', 'added', 'flavour', '-', 'chocolate', '(', 'natural', 'nature', 'identical', 'nutrition', 'fact', 'flavouring', 'substance', ')', 'amino', 'acid', 'profile', 'serving', 'per', 'serving', 'size', '1', 'scoop', '(', '50', 'g', ')', '.', 'bcaa', '(', 'branched', 'chain', 'amino', 'acid', ')', '(', 'g/100', 'g', 'protein', ')', 'container', ':', '20', 'per', '100', 'g', 'quantity', 'per', '%', 'daily', 'leucine', '2.509', 'ening', 'value', '*', 'iso', 'leucine', '1.259', 'energy', '253', 'kcal', 'wale', 'le5', 'essential', 'amino', 'acid', 'total', 'fat', '19', '3.00', '%', 'lysine', '2.009', 'saturated', 'fat', '059', 'methionine', '09', 'phenylalanine', '4.009', 'trans', 'fat', '0', 'g', 'tryptophan', '0.409', 'cholesterol', '10', 'mg', '3', '%', 'siiteehine', 'amino', 'acid', '(', 'g/100', 'g', 'protein', ')', 'sodium', '50', 'mg', '7', '%', 'alanine', '1.409', 'total', 'carbohydrate', '509', 'samieaea', '3.009', 'glycine', '0.60', '9', 'sugar', '(', 'a', 'sucrose', ')', '59', 'g', 'histidine', '0.609', 'preein', '12a', 'su', ')', 'proline', '1.259', 'cysteine', '0.409', 'bcaa', 'blend', '559', 'tryosine', '1.209', 'arginine', '1.209', '“', 'percent', 'daily', 'value', '(', 'dv', ')', 'based', '2000', 'calorie', 'diet', '.', 'daily', 'value', 'may', 'sane', '1.309', 'higher', 'lower', 'depending', 'calorie', 'need', '.', 'ds', 'ar', '5a', 'whey', 'protein', 'blend', '(', 'whey', 'protein', 'cocentrate', ',', 'whey', 'protein', 'isolate', ')', ',', 'skimed', 'milk', 'powder', ',', 'maltodextrin', ',', 'alkalized', 'cocoa', 'powder', ',', 'stabilizer', '(', 'ins415', ',', 'ins417', ')', ',', 'sunflower', 'lecithin(ins322', ')', ',', 'sucralose', '(', 'ins955', ')', ',', 'glutamine', ',', 'creatine', 'monohydrate', '.']"
https://m.media-amazon.com/images/I/61Fwq4GeTmL.jpg,752266,wattage,60.0 watt,"['6ow', '6.600lm', 'bianco', 'naturale', 'ip65']"
https://m.media-amazon.com/images/I/61-oj+N+BxL.jpg,459516,item_volume,30.0 millilitre,"['dendrobium', '&', 'mul', 'lei', 'extract', 'herbal', 'dron', 'powerful', 'lung', 'support', '+', 'cleanse', '+', 'respiratory', '+', 'enhance', '7', 'balance', '{', 'breathing', 'function', '‘', '~', 'mucus', 'level', '@', 'main', 'potency', 'clean', '&', 'open', 'airway', '©', 'free', '-', 'iso', 'robium', '&', 'mullein', 'ict', 'herbal', 'drop', 'rful', 'lung', 'support', 'iratory', 'vegan', '-', 'gmo', 'free', '-', 'iso']"
https://m.media-amazon.com/images/I/71e6kJLE+LL.jpg,459516,item_volume,30.0 millilitre,"['dendrobium', '&', 'mu', 'mee', '|']"
https://m.media-amazon.com/images/I/71SuzaRS7gL.jpg,459516,item_volume,30.0 millilitre,"['|', 'nat', 'dendrobium', '&', 'mullein', 'extract', 'herbal', 'drop', 'cleanse', '«', 'herbal', 'drop', 'dendrobium', 'pistilus', 'extract', 'herbal', 'drop', 'absorbed', 'tongue', '.', 'ingredient', 'act', 'lung', 'respiratory', 'system', 'blood', ',', 'stimulate', 'dilute', 'mucus', 'trachea', 'lung', ',', 'help', 'expel', 'sputum', 'lung', 'residue', 'within', '2', 'hour', ',', 'dredge', 'airway', '.']"
https://m.media-amazon.com/images/I/71nsfFCXF0L.jpg,459516,item_volume,30.0 millilitre,
https://m.media-amazon.com/images/I/71hgN7yu9OL.jpg,459516,item_volume,30.0 millilitre,"['main', 'componen', 'dendrobium', '&', 'multein', 'extract', 'herbal', 'drop']"
https://m.media-amazon.com/images/I/61SmT8pkLtL.jpg,529606,item_weight,2 ounce,"['terpene', 'infused', '100', '%', 'soy', 'cleanest', 'burning', 'wax', '“', 'soft', '-', 'touch', '”', 'matte', 'finish', 'ee']"
https://m.media-amazon.com/images/I/71ZtDgGX+iL.jpg,299791,item_weight,8.1 gram,"['information', 's', '—', '>', ')', 'chain', 'length', ':', '48', '+', '5', 'cm', '>', '<', ')', 'material', ':', 'titanium', 'steel', 'bx', 'size', ':', '20x13', 'mm', '&', 'weight', ':', '8.1', 'g', '(', 'about', ')', 'tip', ':', 'size', 'product', 'measured', 'manually', 'may', 'subject', 'marginal', 'error', '.', 'custom', '\\', 'text', '13', 'mm']"
https://m.media-amazon.com/images/I/413FQB0ZMLL.jpg,308856,item_weight,2 kilogram,"['single', 'grain']"
https://m.media-amazon.com/images/I/41EjbFu-+yL.jpg,308856,item_weight,10 kilogram,
https://m.media-amazon.com/images/I/71dWDwMhWmS.jpg,681445,item_weight,500.0 kilogram,
https://m.media-amazon.com/images/I/61d6Kj80QSL.jpg,365637,item_weight,200.0 gram,"['turals', 'na', 'w', '0', ')', '\\', 'millet', 'shortbread', 'deyilium', 'husk', '¢', 'day', 'snack', 'poosting', 'energy', 'enero', '[', 'peuicious', ',', 'guperfood', 'healthy', '&', 'age', 'great', 'group', '.', 'oreption', '|', 'net', 'weight', '200', '""', '-', 'ee']"
https://m.media-amazon.com/images/I/71bvOuz9w1L.jpg,365637,item_weight,200.0 gram,"['millet', 'shortbread', 'ack', 'poosting', 'energy', 'yr', '[', 'peuicious', '.', 'heai', 'great', 'digestion', 'day', 's', '""', 'nergy', 'el', '[', 'energy', 'goo', 'forall', 'al', 'group', '.']"
https://m.media-amazon.com/images/I/71l0M0tMGjL.jpg,365637,item_weight,200.0 gram,"['ngredients', '—', '—', 's', 'zz', 'ra', 'se', 'qiaantum', 'natural', 'fennel', 'day', 'snack', 'boosting', 'energy', '[', 'enenoveno', '™', '[', 'reaucous', 'hea', 'cc', '_', '—', 'v', 'millet', 'net', 'weight2', 'ddgn', 'multigrains']"
https://m.media-amazon.com/images/I/71Lpqdrpi4L.jpg,365637,item_weight,200.0 gram,"['day', 'snack', 'boosting', 'energy', 'natural', 'ingredient', 'juantum', '&', 'improves', '“', 'neturals', 'quick', 'source', 'digestion', 'f', 'energy', 'ee', 'eee', 'rich', 'fibre', 'delicious', 'taste', 'vitamin', 'stio', 'contains', 'superfood', 'combination', 'millet', 'multigrains']"
https://m.media-amazon.com/images/I/71jLIbCcwOL.jpg,365637,item_weight,100.0 gram,"['nutrition', 'fact', '|', 'value', 'per', '100', 'g', 'value', 'per', 'serving', 'energy', ',', 'kcal/100', 'g', '566.76', '202.4', 'protein', ',', 'g/100', 'g', '6.25', 'pa', 'total', 'carbohydrate', ',', 'g/100', 'g', '57.93', '20.69', 'total', 'fat', ',', 'g/100', 'g', '30.64', '10.94', 'vitamin', 'a', ',', 'mcg/100', 'g', 'fe', ')', '0', 'vitamin', 'c', ',', 'mg/100', 'g', '5.99', 'zot', 'total', 'sugar', '(', 'sucrose', ')', ',', 'g/100', 'g', '5.99', '2.14', 'dietary', 'fibre', ',', 'g/100', 'g', 'aisi', '0.83', 'calorie', 'fat', '(', 'kcal/100gm', ')', '275.76', '98.49', 'sodium', ',', 'mg/100', 'g', '24.28', '8.67', 'calcium', ',', 'mg/100', 'g', '52.42', '18.72', 'iron', ',', 'mg/100', 'g', '2.78', '1.0', 'esaturated', 'fatty', 'acid', ',', 'g/100', 'g', '19.41', '6.9', 'trans', 'fatty', 'acid', ',', 'g/100', 'g', 'o};o', 'oo', '}', ';', 'cholesterol', ',', 'mg/100', 'g']"
https://m.media-amazon.com/images/I/718EdwGgyVL.jpg,365637,item_weight,200.0 gram,"['available', 'e', 'wo', 'different', 'flavour', 'millet', 'shortbread', 'ed', 'psyllium', 'husk', 'and', '!', 'enhane', ':', '.d', 'coco', 'butter', 'sweetene', 'ack', 'boosting', 'ené', 'k', 'boosting', 'ene', '!', 'day', 'sm', 'day', 'snac', '!', '[', 'venom', '‘', 'superfood', 'allace', '“', 'group', ':', 'ee', 'e', 'net', 'weight', '2000', '""', 'millet', 'shortbread', 'psyllium', 'husk', 'fennel', 'enhanced', 'sweetened', 'jaggery', 'day', 'snack', 'poosting', 'energy', 'ency', '#', '808', 'fonroous', 'a.', '_', '_', '|', 'ee', '.', 'seesron', '_', '}', 'net', 'weight', '2009', '""']"
https://m.media-amazon.com/images/I/713twQgCHSL.jpg,487566,item_weight,5.0 kilogram,
https://m.media-amazon.com/images/I/61I0O1qJbhS.jpg,767202,item_weight,60.0 pound,"['unsere', 'produkte', 'reduzieren', 'die', 'betriebskosten', 'de', 'druckers', 'um', 'bi', 'zu', '60', '%', 'und', 'behalten', 'dabei', 'den', 'hohen', 'technischen', 'parameter', 'und', 'die', 'druckqualitat', 'bei', '.']"
https://m.media-amazon.com/images/I/61eOO5IW4NL.jpg,369753,item_volume,3.0 cubic foot,"['use', '1', 'test', '2', 'prep', 'take', 'easy', 'skin', 'allergy', 'test', 'skin', 'care', 'moisturizing', 'use', '3', 'cut', '4stick', 'cut', 'size', 'required', 'cover', 'area', 'need']"
https://m.media-amazon.com/images/I/716AQpAJjZL.jpg,731432,item_weight,227 gram,"['suggested', 'storage', 'store', 'cool', ',', 'dry', 'place', 'opening', '.', 'mm', 'oo', '.']"
https://m.media-amazon.com/images/I/71FVeRd2jqL.jpg,709627,item_weight,100 gram,"['100.4', 'charge', '-', 'anadwana', '|']"
https://m.media-amazon.com/images/I/81njuNSPdjL.jpg,639090,item_weight,190.0 gram,"['grand', 'dessert', 'schoko', 'trahmt', 'schokocréme', 'mit', 'sahne', '.', 'zutaten', ':', 'en', 'sere', 'ni', 'f', 'giukose', '-', 'fruktose', '-', 'siup', ',', 'ade', '(', 'zucker', ',', 'kakaopulver', '1', ']', '|', ')', '520', 'kj', '(', '124', 'ka', ')', '.', '|', 'bet', '4', 'gte', 'fettsauren', 'oe', '|', '4', 'ehrmann', 'gmbh', 'hauptstr', '.', '19', '87770', 'oberschinegg', 'www.ehrmann.de', '4', '""', '002971', ""'"", '253009']"
https://m.media-amazon.com/images/I/51xfRlxWIXL.jpg,639090,item_weight,100.0 gram,
https://m.media-amazon.com/images/I/71duwM3SjpL.jpg,459516,item_weight,600 milligram,"['support', ':', 'stress', '&', 'anxiety', 'buster', '*', 'improve', 'sleep', 'quality', '*', 'strength', '&', 'stamen', '*', 'ksm-66', '""', 'ashwagandha', '5', '%', 'withanolides', 'ksi', '™', '600', 'mg', '«', '60', 'veaps', '®', 'plus']"
https://m.media-amazon.com/images/I/612xIhPMHqL.jpg,630869,item_weight,3.2 gram,"['1.60', 'inch', '(', '40.7', 'mm', ')', 'net', 'weight', ':', '3.2', 'g', 'ee', '[', '-deoreeeeen', 'forerer', 'jin', 'sy', 'tea', '=|', '|', 'eon', '925', 'sterling', 'silver', 'customizable', '6.3', '+', '2', 'inch', 'extend', 'chain', '(', '160mm+50', 'mm', ')', 'manual', 'measurement', ',', 'size', 'may', 'slightly', 'different', 'physical', '.']"
https://m.media-amazon.com/images/I/51b9JEHOriL.jpg,630869,item_weight,6.5 gram,"['weight', ':', '6.5', 'g', 'length', ':', '19¢cm+5', 'cm']"
https://m.media-amazon.com/images/I/81lgxfKqUUL.jpg,881883,item_weight,160.0 gram,"['%', 'ti', 'elegant', 'jacquard', 'window', 'curtain', 'attached', 'valance', 'description', ':', 'color', ':', '160gsm', 'jaquard+fancy', 'valance', 'fabric', 'content', ':', '100', '%', 'polyester', '.', 'size', ':', '54', '""', 'x', '84', '""', '+', '18', '""', 'venice', 'collection', ',', 'inc', '.', 'rn', '#', '131381', 'made', 'china', 'beige', 'burgundy', 'light', 'brown', 'light', 'taupe', 'tin']"
https://m.media-amazon.com/images/I/814sAvV89SL.jpg,558374,item_weight,42.0 gram,"['nutrition', 'fact', 'serving', 'size', '3', 'piece', '(', '42', 'g', ')', 'amount', 'per', 'serving', 'se', 'calorie', '‘', '«', '¥', ')', '160', '%', 'daily', 'value', '*', 'total', 'fat', '0', 'g', '0', '%', 'saturated', 'fat', '0', 'g', '0', '%', 'trans', 'fat', 'og', '0', '%', '1', '%', 'total', 'carbohydrate', '39', 'g', '14', '%', 'dietary', 'fiber', 'og', 'total', 'sugar', '28', 'g', 'includes', '28', 'g', 'added', 'sugar', 'protein', '0', 'g', 'vitamin', 'omcg', 'calcium', 'omg', 'lron', 'omg', 'potassium', 'omg', '*', 'the', '%', 'daily', 'value', '(', 'dv', ')', 'tell', 'much', 'nutrient', 'serving', 'food', 'contributes', 'daily', 'diet', '.', '2,000', 'calorie', 'day', 'used', 'general', 'nutrition', 'advice', '.', 'ingredient', ':', 'sugar', ',', 'glucose', ',', 'agar', ',', 'citric', 'acid', ',', 'canola', 'oil', ',', 'natural', '&', 'artificial', 'flavor', ',', 'artificial', 'color']"
https://m.media-amazon.com/images/I/61cMeogK8gL.jpg,601746,item_weight,26.0 gram,"['ball', 'weight', ':', '26', 'gram', 'ball', 'diameter', ':', '74', 'mm', 'number', 'hole', ':', '40']"
https://m.media-amazon.com/images/I/811VfR10yxL.jpg,752266,wattage,0.55 watt,"['specification', ':', ';', 'product', 'name', ':', 'solar', 'sensor', 'wall', 'light', 'quantity', ':', '2pcs', ':', ':', 'solar', 'panel', ':', '5.5v', ',', '0.55w', 'led', ':', '144', 'led', 'sensor', 'angle', ':', '120', 'degree', 'sensor', 'distance', ':', '3', '-', '7', 'm', ':', 'protection', 'level', ':', 'ip65', 'waterproof', 'ideal', 'mounting', 'height', ':', '1.8', '-', '2.5', 'm', '_', 'working', 'temperature', ':', '-40', '°', 'c~+85', '°', 'c', 'switch', ':', 'mode', '1', '—', 'mode', '2', '>', 'mode', '3', ':', 'product', 'size', ':', '12.4x9.6x', '4.8cm/', '4.88', 'x', '3.80', 'x', '1.89', 'in', 'charging', 'time', ':', '8', 'hour', 'sunlight', 'function', 'switch', ':', '4', '.', 'first', 'work', 'mode', ':', 'continuously', 'bright', 'light', '2', '2nd', 'work', 'mode', ':', 'light', 'illuminate', 'constant', 'light', 'dark', 'place', ',', 'people', 'go', 'sensor', 'area', ',', 'strong', 'lighting', '20', 'second', '.', 'light', 'turn', 'dim', 'people', 'leave', 'induction', 'area', '.', '3', '.', '3rd', 'work', 'mode', ':', 'people', 'go', 'sensor', 'area', ',', 'light', 'strong', '.', 'light', 'willturn', 'people', 'leave', 'induction', 'area', '.', ""'"", 'uk', ':', 'ce', '=', 'ce', '@', 'etn', 'made', 'china']"
https://m.media-amazon.com/images/I/71WLYfmMqQL.jpg,254449,item_weight,50.0 milligram,"['non', '.', 'rq', '250', 'tablet', 'eno60', 't', 'comprimeés']"
https://m.media-amazon.com/images/I/61Dq3LRei9L.jpg,523149,item_weight,10.0 kilogram,
https://m.media-amazon.com/images/I/71XK5d3Oh9L.jpg,416664,wattage,49.0 watt,
https://m.media-amazon.com/images/I/61kyBEJYDeL.jpg,459516,item_weight,500 milligram,
https://m.media-amazon.com/images/I/71uQmsTESvL.jpg,459516,item_weight,500 milligram,"['green', 'coffee', 'discover', 'weliness', 's42', '6', ')', 'help', 'control', 'support', 'blood', 'appetite', '*', 'sugar', 'level', '*', 'support', 'weight', 'support', 'immune', 'managment', '*', 'system', '*', 'ee', '=)', 'boo', '\\herbal', 'max', 'healthy', 'metabolism', '*', 'gre', 'e', 'n', 'digestion', '*', '<', '1', '}', 'burn', 'fat', '3', ')', '7', 'enhance', 'ert', 'support', 'mood', '*', '{', 'fat', 'burn', '*']"
https://m.media-amazon.com/images/I/71jG8BOi4WL.jpg,241608,item_weight,16.0 gram,"['16', 'g', 'thick', 'high', 'grade', '304', 'stainless', 'steel', '—', 'water', 'repellent', '—', '—', 'stain', 'resistant', '&', 'anti', '-', 'bacterial', 'protection', '—', '—']"
https://m.media-amazon.com/images/I/61390hosjFL.jpg,308856,item_weight,8 kilogram,"['spurina', '?', '|', '»', 'bae', 'puppyi¥e.22', ')', '§', 'e']"
